,Propaganda Technique,Average Views
0,Appeal_to_fear-prejudice,0.06884626553601046
1,Black-and-White_Fallacy,0.21430544830670273
2,Causal_Oversimplification,0.4162120600352765
3,Doubt,0.27849323450640845
4,"Exaggeration,Minimisation",0.2431583060065527
5,Flag-Waving,0.2409324250234862
6,Loaded_Language,0.42978666782341585
7,"Name_Calling,Labeling",0.5165966652647709
