negative,positive
0.4468103350634088,0.21746397093108383
0.7609427884799087,0.2342046959295852
